{"cameraMode":{"drawMode":0,"name":"Shaded","section":"Shading Mode"},"sceneLighting":false,"audioPlay":false,"sceneViewState":{"m_AlwaysRefresh":false,"showFog":true,"showSkybox":false,"showFlares":true,"showImageEffects":true,"showParticleSystems":true,"showVisualEffectGraphs":true,"m_FxEnabled":true},"in2DMode":false,"pivot":{"x":-0.10203182697296143,"y":0.8743684887886047,"z":-0.17258375883102418},"rotation":{"x":-0.004496821202337742,"y":-0.037490829825401309,"z":-0.0001687098847469315,"w":0.9992867708206177},"size":1.2916415929794312,"orthographic":false}