{"cameraMode":{"drawMode":0,"name":"Shaded","section":"Shading Mode"},"sceneLighting":true,"audioPlay":false,"sceneViewState":{"m_AlwaysRefresh":false,"showFog":true,"showSkybox":true,"showFlares":true,"showImageEffects":true,"showParticleSystems":true,"showVisualEffectGraphs":true,"m_FxEnabled":true},"in2DMode":false,"pivot":{"x":-0.3410000205039978,"y":0.09099999815225601,"z":1.4880000352859498},"rotation":{"x":-0.010489188134670258,"y":0.044982291758060458,"z":0.0004723363381344825,"w":0.9989324808120728},"size":0.634970486164093,"orthographic":true}